﻿<?xml version="1.0" encoding="utf-8"?>
<root product-version="12.2.8.888">
  <entities>
    <entity ref="global">
      <attribute name="45829814-c69b-4313-9b23-aa9888b0dee9" type="auto" regexp="^((?!\s)(?!').)*$" validation-message="Replace all spaces with hyphens, html code and apostrophes need special attention.">
        <text>
          <base>the screen</base>
        </text>
      </attribute>
      <attribute name="e1bcf949-d3fa-4d66-8bb6-4d6f6c035ad2" type="boolean" analysis-output-label="" analysis-input-parameter-label="" save-audit="false">
        <text>
          <base>the screen name might include HTML</base>
          <parse>s(ver('12.2.8.888'),v(include+might,t(simple,modal,normal)),sb('the screen name',plural),o('HTML'))</parse>
        </text>
      </attribute>
    </entity>
    <entity id="75f8045d-7905-49d7-a962-f08233df0a57" name="the question" identifying-attribute-name="c642c03b-d4c8-4873-862d-81839407b410" containment-relationship-id="7a1a3bed-d783-409e-bd6e-8fb5a3c4d087" containment-parent-id="global">
      <attribute name="5538399e-5a5f-4e92-87ee-173852b77799" type="auto" entity-override="true" user-created="true" validation-message="Invalid value.">
        <text>
          <base>the answer</base>
        </text>
      </attribute>
      <attribute name="ab1e79c3-0856-4c12-9058-264513ee5711" type="auto">
        <text>
          <base>the question</base>
        </text>
      </attribute>
      <attribute name="ef970f5a-f26f-46e0-8d0f-05cd2962d10f" type="auto">
        <text>
          <base>the question for accessibility</base>
        </text>
      </attribute>
      <attribute name="4a4f7ddf-ff56-4a95-85f3-8dda7e15b764" type="auto" public-name="output" validation-message="Invalid value.">
        <text>
          <base>the question output</base>
        </text>
      </attribute>
      <attribute name="e5f2be3e-a4b6-4cb4-8bd3-4f6b36d44aa5" type="text" user-created="true" analysis-output-label="" analysis-input-parameter-label="" save-audit="false" validation-message="Invalid value." entity-override="true">
        <text>
          <base>the answer public name</base>
          <parse></parse>
        </text>
      </attribute>
    </entity>
  </entities>
  <relationships>
    <relationship relationship-id="7a1a3bed-d783-409e-bd6e-8fb5a3c4d087" reverse-relationship-id="fabebf7c-4172-4a7c-9a2f-3121981bc7b2" source="global" target="75f8045d-7905-49d7-a962-f08233df0a57" is-containment="true" public-id="" reverse-public-id="" text="all instances of the question" reverse-text="" type="OneToMany" is-computed="false" silent-if-known="true" invisible-if-known="true" />
  </relationships>
</root>