﻿<?xml version="1.0" encoding="utf-8"?>
<global-instance>
  <WORLD_value>true</WORLD_value>
  <WORLD_text>the world is a big place</WORLD_text>
  <PLUTO_value>true</PLUTO_value>
  <PLUTO_text>Pluto is a planet</PLUTO_text>
  <mercury_big_value>true</mercury_big_value>
  <mercury_big_text>Mercury is big</mercury_big_text>
  <venus_big_value>true</venus_big_value>
  <venus_big_text>Venus is big</venus_big_text>
  <mars_big_value>true</mars_big_value>
  <mars_big_text>Mars is big</mars_big_text>
  <date_value>15/02/2018</date_value>
  <date_text>the date the system was discovered</date_text>
</global-instance>